"","continent_level","date","cases","new_cases","deaths","new_deaths","weeks_since_death10","weeks_since_case100","continent","pop","cases_per_million","new_cases_per_million","deaths_per_million","new_deaths_per_million"
"1","Africa",1985-02-14,1,1,0,0,0,0,"Africa",1.2e+09,0,0,0,0
"2","Africa",1985-02-21,1,0,0,0,0,0,"Africa",1.2e+09,0,0,0,0
"3","Africa",1985-02-28,3,2,0,0,0,0,"Africa",1.2e+09,0,0,0,0
"4","Africa",1985-03-06,43,40,0,0,0,0,"Africa",1.2e+09,0,0,0,0
"5","Africa",1985-03-13,176,133,5,5,0,0,"Africa",1.2e+09,0.1,0.1,0,0
"6","Africa",1985-03-20,968,792,26,21,0,1,"Africa",1.2e+09,0.8,0.7,0,0
"7","Africa",1985-03-27,3885,2917,115,89,1,2,"Africa",1.2e+09,3.2,2.4,0.1,0.1
"8","Africa",1985-04-03,7913,4028,331,216,2,3,"Africa",1.2e+09,6.6,3.4,0.3,0.2
"9","Africa",1985-04-10,12911,4998,693,362,3,4,"Africa",1.2e+09,10.8,4.2,0.6,0.3
"10","Africa",1985-04-17,19766,6855,1016,323,4,5,"Africa",1.2e+09,16.5,5.7,0.8,0.3
"11","Africa",1985-04-24,29068,9302,1324,308,5,6,"Africa",1.2e+09,24.2,7.8,1.1,0.3
"12","Africa",1985-05-01,40479,11411,1692,368,6,7,"Africa",1.2e+09,33.7,9.5,1.4,0.3
"13","Africa",1985-05-08,57657,17184,2154,462,7,8,"Africa",1.2e+09,48,14.3,1.8,0.4
"14","Africa",1985-05-15,78274,20617,2624,470,8,9,"Africa",1.2e+09,65.2,17.2,2.2,0.4
"15","Africa",1985-05-22,103629,25587,3184,560,9,10,"Africa",1.2e+09,86.4,21.3,2.7,0.5
"16","Africa",1985-05-29,135191,31562,3922,738,10,11,"Africa",1.2e+09,112.7,26.3,3.3,0.6
"17","Africa",1985-06-05,176618,41427,4915,993,11,12,"Africa",1.2e+09,147.2,34.5,4.1,0.8
"18","Africa",1985-06-12,224695,48077,6050,1135,12,13,"Africa",1.2e+09,187.2,40.1,5,0.9
"19","Africa",1985-06-19,285609,60914,7682,1632,13,14,"Africa",1.2e+09,238,50.8,6.4,1.4
"20","Africa",1985-06-26,359306,73697,9282,1600,14,15,"Africa",1.2e+09,299.4,61.4,7.7,1.3
"21","Africa",1985-07-03,447480,88174,10882,1600,15,16,"Africa",1.2e+09,372.9,73.5,9.1,1.3
"22","Africa",1985-07-10,559436,111956,12768,1886,16,17,"Africa",1.2e+09,466.2,93.3,10.6,1.6
"23","Africa",1985-07-17,683483,124047,14673,1905,17,18,"Africa",1.2e+09,569.6,103.4,12.2,1.6
"24","Africa",1985-07-24,810633,127150,17104,2431,18,19,"Africa",1.2e+09,675.5,106,14.3,2
"25","Africa",1985-07-31,928080,117447,19682,2578,19,20,"Africa",1.2e+09,773.4,97.9,16.4,2.1
"26","Africa",1985-08-07,1021711,93631,22508,2826,20,21,"Africa",1.2e+09,851.4,78,18.8,2.4
"27","Africa",1985-08-14,1097486,75775,25098,2590,21,22,"Africa",1.2e+09,914.6,63.1,20.9,2.2
"28","Africa",1985-08-21,1168539,71053,27329,2231,22,23,"Africa",1.2e+09,973.8,59.2,22.8,1.9
"29","Africa",1985-08-28,1228603,60064,29091,1762,23,24,"Africa",1.2e+09,1023.8,50.1,24.2,1.5
"30","Africa",1985-09-04,1284431,55828,30854,1763,24,25,"Africa",1.2e+09,1070.4,46.5,25.7,1.5
"31","Africa",1985-09-11,1339238,54807,32355,1515,25,26,"Africa",1.2e+09,1116,45.7,27,1.3
"32","Africa",1985-09-18,1390521,51283,33621,1266,26,27,"Africa",1.2e+09,1158.8,42.7,28,1.1
"33","Africa",1985-09-25,1445544,55023,34860,1239,27,28,"Africa",1.2e+09,1204.6,45.9,29,1
"34","Africa",1985-10-02,1498052,52508,36229,1369,28,29,"Africa",1.2e+09,1248.4,43.8,30.2,1.1
"35","Africa",1985-10-09,1556287,58235,37629,1400,29,30,"Africa",1.2e+09,1296.9,48.5,31.4,1.2
"36","Africa",1985-10-16,1623827,67540,39296,1667,30,31,"Africa",1.2e+09,1353.2,56.3,32.7,1.4
"37","Africa",1985-10-23,1697629,73802,40920,1624,31,32,"Africa",1.2e+09,1414.7,61.5,34.1,1.4
"38","Africa",1985-10-30,1774400,76771,42629,1709,32,33,"Africa",1.2e+09,1478.7,64,35.5,1.4
"39","Africa",1985-11-06,1855345,80945,44467,1838,33,34,"Africa",1.2e+09,1546.1,67.5,37.1,1.5
"40","Africa",1985-11-13,1949381,94036,46831,2364,34,35,"Africa",1.2e+09,1624.5,78.4,39,2
"41","Africa",1985-11-20,2044162,94781,49114,2283,35,36,"Africa",1.2e+09,1703.5,79,40.9,1.9
"42","Africa",1985-11-27,2137506,93344,51264,2150,36,37,"Africa",1.2e+09,1781.3,77.8,42.7,1.8
"43","Africa",1985-12-04,2235257,97751,53277,2013,37,38,"Africa",1.2e+09,1862.7,81.5,44.4,1.7
"44","Africa",1985-12-11,2344919,109662,55662,2385,38,39,"Africa",1.2e+09,1954.1,91.4,46.4,2
"45","Africa",1985-12-18,2469647,124728,58310,2648,39,40,"Africa",1.2e+09,2058,103.9,48.6,2.2
"46","Africa",1985-12-25,2624658,155011,61955,3645,40,41,"Africa",1.2e+09,2187.2,129.2,51.6,3
"47","Africa",1986-01-01,2788167,163509,66126,4171,41,42,"Africa",1.2e+09,2323.5,136.3,55.1,3.5
"48","Africa",1986-01-08,2989382,201215,71460,5334,42,43,"Africa",1.2e+09,2491.2,167.7,59.5,4.4
"49","Africa",1986-01-15,3210049,220667,77646,6186,43,44,"Africa",1.2e+09,2675,183.9,64.7,5.2
"50","Africa",1986-01-22,3392453,182404,83755,6109,44,45,"Africa",1.2e+09,2827,152,69.8,5.1
"51","Africa",1986-01-29,3536003,143550,89831,6076,45,46,"Africa",1.2e+09,2946.7,119.6,74.9,5.1
"52","Africa",1986-02-05,3644992,108989,94187,4356,46,47,"Africa",1.2e+09,3037.5,90.8,78.5,3.6
"53","Africa",1986-02-12,3731935,86943,97830,3643,47,48,"Africa",1.2e+09,3109.9,72.5,81.5,3
"54","Africa",1986-02-19,3810323,78388,100709,2879,48,49,"Africa",1.2e+09,3175.3,65.3,83.9,2.4
"55","Africa",1986-02-26,3880062,69739,103142,2433,49,50,"Africa",1.2e+09,3233.4,58.1,86,2
"56","Africa",1986-03-05,3945707,65645,105220,2078,50,51,"Africa",1.2e+09,3288.1,54.7,87.7,1.7
"57","Africa",1986-03-12,4016737,71030,107233,2013,51,52,"Africa",1.2e+09,3347.3,59.2,89.4,1.7
"58","Africa",1986-03-19,4088217,71480,109477,2244,52,53,"Africa",1.2e+09,3406.8,59.6,91.2,1.9
"59","Africa",1986-03-26,4166617,78400,111537,2060,53,54,"Africa",1.2e+09,3472.2,65.3,92.9,1.7
"60","Africa",1986-04-02,4252635,86018,113413,1876,54,55,"Africa",1.2e+09,3543.9,71.7,94.5,1.6
"61","Africa",1986-04-09,4330793,78158,115199,1786,55,56,"Africa",1.2e+09,3609,65.1,96,1.5
"62","Africa",1986-04-16,4408953,78160,117366,2167,56,57,"Africa",1.2e+09,3674.1,65.1,97.8,1.8
"63","Africa",1986-04-23,4487054,78101,119604,2238,57,58,"Africa",1.2e+09,3739.2,65.1,99.7,1.9
"64","Africa",1986-04-30,4557699,70645,121784,2180,58,59,"Africa",1.2e+09,3798.1,58.9,101.5,1.8
"65","Africa",1986-05-07,4616997,59298,123905,2121,59,60,"Africa",1.2e+09,3847.5,49.4,103.3,1.8
"66","Asia",1985-01-22,9,9,0,0,0,0,"Asia",4.5e+09,0,0,0,0
"67","Asia",1985-01-24,21,12,0,0,0,0,"Asia",4.5e+09,0,0,0,0
"68","Asia",1985-01-31,106,85,0,0,0,0,"Asia",4.5e+09,0,0,0,0
"69","Asia",1985-02-07,189,83,2,2,0,1,"Asia",4.5e+09,0,0,0,0
"70","Asia",1985-02-14,307,118,3,1,0,2,"Asia",4.5e+09,0.1,0,0,0
"71","Asia",1985-02-21,616,309,12,9,0,3,"Asia",4.5e+09,0.1,0.1,0,0
"72","Asia",1985-02-28,3406,2790,56,44,1,4,"Asia",4.5e+09,0.8,0.6,0,0
"73","Asia",1985-03-06,12547,9141,181,125,2,5,"Asia",4.5e+09,2.8,2,0,0
"74","Asia",1985-03-13,22275,9728,631,450,3,6,"Asia",4.5e+09,5,2.2,0.1,0.1
"75","Asia",1985-03-20,36647,14372,1660,1029,4,7,"Asia",4.5e+09,8.1,3.2,0.4,0.2
"76","Asia",1985-03-27,67009,30362,2959,1299,5,8,"Asia",4.5e+09,14.9,6.7,0.7,0.3
"77","Asia",1985-04-03,123876,56867,4695,1736,6,9,"Asia",4.5e+09,27.5,12.6,1,0.4
"78","Asia",1985-04-10,193307,69431,6926,2231,7,10,"Asia",4.5e+09,43,15.4,1.5,0.5
"79","Asia",1985-04-17,275694,82387,9461,2535,8,11,"Asia",4.5e+09,61.3,18.3,2.1,0.6
"80","Asia",1985-04-24,365625,89931,11991,2530,9,12,"Asia",4.5e+09,81.2,20,2.7,0.6
"81","Asia",1985-05-01,451246,85621,14397,2406,10,13,"Asia",4.5e+09,100.3,19,3.2,0.5
"82","Asia",1985-05-08,553344,102098,16935,2538,11,14,"Asia",4.5e+09,123,22.7,3.8,0.6
"83","Asia",1985-05-15,675561,122217,19395,2460,12,15,"Asia",4.5e+09,150.1,27.2,4.3,0.5
"84","Asia",1985-05-22,830049,154488,22102,2707,13,16,"Asia",4.5e+09,184.5,34.3,4.9,0.6
"85","Asia",1985-05-29,998898,168849,25109,3007,14,17,"Asia",4.5e+09,222,37.5,5.6,0.7
"86","Asia",1985-06-05,1212921,214023,29137,4028,15,18,"Asia",4.5e+09,269.5,47.6,6.5,0.9
"87","Asia",1985-06-12,1454036,241115,34087,4950,16,19,"Asia",4.5e+09,323.1,53.6,7.6,1.1
"88","Asia",1985-06-19,1738439,284403,41864,7777,17,20,"Asia",4.5e+09,386.3,63.2,9.3,1.7
"89","Asia",1985-06-26,2037380,298941,48366,6502,18,21,"Asia",4.5e+09,452.8,66.4,10.7,1.4
"90","Asia",1985-07-03,2389698,352318,55248,6882,19,22,"Asia",4.5e+09,531,78.3,12.3,1.5
"91","Asia",1985-07-10,2767763,378065,63140,7892,20,23,"Asia",4.5e+09,615.1,84,14,1.8
"92","Asia",1985-07-17,3174825,407062,71920,8780,21,24,"Asia",4.5e+09,705.5,90.5,16,2
"93","Asia",1985-07-24,3670833,496071,82720,10800,22,25,"Asia",4.5e+09,815.7,110.2,18.4,2.4
"94","Asia",1985-07-31,4212181,541348,92092,9372,23,26,"Asia",4.5e+09,936,120.3,20.5,2.1
"95","Asia",1985-08-07,4792881,580700,102106,10014,24,27,"Asia",4.5e+09,1065.1,129,22.7,2.2
"96","Asia",1985-08-14,5420133,627252,112599,10493,25,28,"Asia",4.5e+09,1204.5,139.4,25,2.3
"97","Asia",1985-08-21,6058624,638491,122970,10807,26,29,"Asia",4.5e+09,1346.4,141.9,27.3,2.4
"98","Asia",1985-08-28,6726528,667904,133619,10649,27,30,"Asia",4.5e+09,1494.8,148.4,29.7,2.4
"99","Asia",1985-09-04,7469885,743357,144546,10927,28,31,"Asia",4.5e+09,1660,165.2,32.1,2.4
"100","Asia",1985-09-11,8304183,834298,156451,11905,29,32,"Asia",4.5e+09,1845.4,185.4,34.8,2.6
"101","Asia",1985-09-18,9174843,870660,169316,12865,30,33,"Asia",4.5e+09,2038.9,193.5,37.6,2.9
"102","Asia",1985-09-25,10009638,834795,181748,12432,31,34,"Asia",4.5e+09,2224.4,185.5,40.4,2.8
"103","Asia",1985-10-02,10819693,810055,194017,12269,32,35,"Asia",4.5e+09,2404.4,180,43.1,2.7
"104","Asia",1985-10-09,11574040,754347,205727,11710,33,36,"Asia",4.5e+09,2572,167.6,45.7,2.6
"105","Asia",1985-10-16,12278386,704346,216633,10906,34,37,"Asia",4.5e+09,2728.5,156.5,48.1,2.4
"106","Asia",1985-10-23,12932375,653989,227466,10833,35,38,"Asia",4.5e+09,2873.9,145.3,50.5,2.4
"107","Asia",1985-10-30,13541820,609445,237289,9823,36,39,"Asia",4.5e+09,3009.3,135.4,52.7,2.2
"108","Asia",1985-11-06,14187421,645601,248123,10834,37,40,"Asia",4.5e+09,3152.8,143.5,55.1,2.4
"109","Asia",1985-11-13,14856415,668994,259012,10889,38,41,"Asia",4.5e+09,3301.4,148.7,57.6,2.4
"110","Asia",1985-11-20,15529560,673145,270605,11593,39,42,"Asia",4.5e+09,3451,149.6,60.1,2.6
"111","Asia",1985-11-27,16336365,806805,282529,11924,40,43,"Asia",4.5e+09,3630.3,179.3,62.8,2.6
"112","Asia",1985-12-04,17212143,875778,294296,11767,41,44,"Asia",4.5e+09,3824.9,194.6,65.4,2.6
"113","Asia",1985-12-11,18823106,1610963,305111,10815,42,45,"Asia",4.5e+09,4182.9,358,67.8,2.4
"114","Asia",1985-12-18,19543122,720016,315236,10125,43,46,"Asia",4.5e+09,4342.9,160,70.1,2.2
"115","Asia",1985-12-25,20160105,616983,325112,9876,44,47,"Asia",4.5e+09,4480,137.1,72.2,2.2
"116","Asia",1986-01-01,20684037,523932,334125,9013,45,48,"Asia",4.5e+09,4596.5,116.4,74.2,2
"117","Asia",1986-01-08,21241626,557589,342039,7914,46,49,"Asia",4.5e+09,4720.4,123.9,76,1.8
"118","Asia",1986-01-15,21834753,593127,350392,8353,47,50,"Asia",4.5e+09,4852.2,131.8,77.9,1.9
"119","Asia",1986-01-22,22367908,533155,358326,7934,48,51,"Asia",4.5e+09,4970.6,118.5,79.6,1.8
"120","Asia",1986-01-29,22882088,514180,366339,8013,49,52,"Asia",4.5e+09,5084.9,114.3,81.4,1.8
"121","Asia",1986-02-05,23376722,494634,373718,7379,50,53,"Asia",4.5e+09,5194.8,109.9,83,1.6
"122","Asia",1986-02-12,23842672,465950,379948,6230,51,54,"Asia",4.5e+09,5298.4,103.5,84.4,1.4
"123","Asia",1986-02-19,24295888,453216,385817,5869,52,55,"Asia",4.5e+09,5399.1,100.7,85.7,1.3
"124","Asia",1986-02-26,24794273,498385,392569,6752,53,56,"Asia",4.5e+09,5509.8,110.8,87.2,1.5
"125","Asia",1986-03-05,25320615,526342,398315,5746,54,57,"Asia",4.5e+09,5626.8,117,88.5,1.3
"126","Asia",1986-03-12,25913369,592754,403936,5621,55,58,"Asia",4.5e+09,5758.5,131.7,89.8,1.2
"127","Asia",1986-03-19,26646054,732685,410094,6158,56,59,"Asia",4.5e+09,5921.3,162.8,91.1,1.4
"128","Asia",1986-03-26,27603976,957922,417352,7258,57,60,"Asia",4.5e+09,6134.2,212.9,92.7,1.6
"129","Asia",1986-04-02,28825437,1221461,426491,9139,58,61,"Asia",4.5e+09,6405.7,271.4,94.8,2
"130","Asia",1986-04-09,30555912,1730475,439498,13007,59,62,"Asia",4.5e+09,6790.2,384.6,97.7,2.9
"131","Asia",1986-04-16,32903566,2347654,456475,16977,60,63,"Asia",4.5e+09,7311.9,521.7,101.4,3.8
"132","Asia",1986-04-23,36017945,3114379,481659,25184,61,64,"Asia",4.5e+09,8004,692.1,107,5.6
"133","Asia",1986-04-30,39435637,3417692,515650,33991,62,65,"Asia",4.5e+09,8763.5,759.5,114.6,7.6
"134","Asia",1986-05-07,42904931,3469294,553023,37373,63,66,"Asia",4.5e+09,9534.4,771,122.9,8.3
"135","Europe",1985-01-24,2,2,0,0,0,0,"Europe",7.4e+08,0,0,0,0
"136","Europe",1985-01-31,17,15,0,0,0,0,"Europe",7.4e+08,0,0,0,0
"137","Europe",1985-02-07,37,20,0,0,0,0,"Europe",7.4e+08,0,0,0,0
"138","Europe",1985-02-14,55,18,0,0,0,0,"Europe",7.4e+08,0.1,0,0,0
"139","Europe",1985-02-21,78,23,2,2,0,0,"Europe",7.4e+08,0.1,0,0,0
"140","Europe",1985-02-28,1133,1055,23,21,0,0,"Europe",7.4e+08,1.5,1.4,0,0
"141","Europe",1985-03-06,7732,6599,215,192,1,1,"Europe",7.4e+08,10.4,8.9,0.3,0.3
"142","Europe",1985-03-13,39896,32164,1535,1320,2,2,"Europe",7.4e+08,53.9,43.5,2.1,1.8
"143","Europe",1985-03-20,133324,93428,6102,4567,3,3,"Europe",7.4e+08,180.2,126.3,8.2,6.2
"144","Europe",1985-03-27,329065,195741,19470,13369,4,4,"Europe",7.4e+08,444.7,264.5,26.3,18.1
"145","Europe",1985-04-03,576205,247140,43430,23960,5,5,"Europe",7.4e+08,778.7,334,58.7,32.4
"146","Europe",1985-04-10,765259,196906,71973,28544,6,6,"Europe",7.4e+08,1034.1,266.1,97.3,38.6
"147","Europe",1985-04-17,1038323,273064,98607,26634,7,7,"Europe",7.4e+08,1403.1,369,133.3,36
"148","Europe",1985-04-24,1218130,179807,120669,22062,8,8,"Europe",7.4e+08,1646.1,243,163.1,29.8
"149","Europe",1985-05-01,1380660,162530,137015,16346,9,9,"Europe",7.4e+08,1865.8,219.6,185.2,22.1
"150","Europe",1985-05-08,1543349,162689,150233,13218,10,10,"Europe",7.4e+08,2085.6,219.8,203,17.9
"151","Europe",1985-05-15,1690673,147324,159790,9557,11,11,"Europe",7.4e+08,2284.7,199.1,215.9,12.9
"152","Europe",1985-05-22,1815046,124373,167400,7610,12,12,"Europe",7.4e+08,2452.8,168.1,226.2,10.3
"153","Europe",1985-05-29,1928616,113570,171577,5684,13,13,"Europe",7.4e+08,2606.2,153.5,231.9,7.7
"154","Europe",1985-06-05,2036537,107921,176081,4504,14,14,"Europe",7.4e+08,2752.1,145.8,237.9,6.1
"155","Europe",1985-06-12,2146506,109969,179807,3726,15,15,"Europe",7.4e+08,2900.7,148.6,243,5
"156","Europe",1985-06-19,2255773,109267,184248,4441,16,16,"Europe",7.4e+08,3048.3,147.7,249,6
"157","Europe",1985-06-26,2357842,102069,186943,2695,17,17,"Europe",7.4e+08,3186.3,137.9,252.6,3.6
"158","Europe",1985-07-03,2449910,92068,189566,2623,18,18,"Europe",7.4e+08,3310.7,124.4,256.2,3.5
"159","Europe",1985-07-10,2542448,92538,192112,2547,19,19,"Europe",7.4e+08,3435.7,125.1,259.6,3.4
"160","Europe",1985-07-17,2641227,98779,194453,2342,20,20,"Europe",7.4e+08,3569.2,133.5,262.8,3.2
"161","Europe",1985-07-24,2749845,108618,196492,2039,21,21,"Europe",7.4e+08,3716,146.8,265.5,2.8
"162","Europe",1985-07-31,2871506,121661,198578,2086,22,22,"Europe",7.4e+08,3880.4,164.4,268.3,2.8
"163","Europe",1985-08-07,3010286,138780,200661,2089,23,23,"Europe",7.4e+08,4068,187.5,271.2,2.8
"164","Europe",1985-08-14,3164420,154134,202868,2207,24,24,"Europe",7.4e+08,4276.2,208.3,274.1,3
"165","Europe",1985-08-21,3345449,181029,205255,2387,25,25,"Europe",7.4e+08,4520.9,244.6,277.4,3.2
"166","Europe",1985-08-28,3552122,207797,207420,2264,26,26,"Europe",7.4e+08,4800.2,280.8,280.3,3.1
"167","Europe",1985-09-04,3784670,232555,209971,2554,27,27,"Europe",7.4e+08,5114.4,314.3,283.7,3.5
"168","Europe",1985-09-11,4064903,280246,212555,2584,28,28,"Europe",7.4e+08,5493.1,378.7,287.2,3.5
"169","Europe",1985-09-18,4398885,333982,216118,3563,29,29,"Europe",7.4e+08,5944.4,451.3,292.1,4.8
"170","Europe",1985-09-25,4798255,399370,220018,3900,30,30,"Europe",7.4e+08,6484.1,539.7,297.3,5.3
"171","Europe",1985-10-02,5238334,440079,224698,4680,31,31,"Europe",7.4e+08,7078.8,594.7,303.6,6.3
"172","Europe",1985-10-09,5879582,641248,230271,5574,32,32,"Europe",7.4e+08,7945.4,866.6,311.2,7.5
"173","Europe",1985-10-16,6761322,881740,237784,7513,33,33,"Europe",7.4e+08,9136.9,1191.5,321.3,10.2
"174","Europe",1985-10-23,8015349,1254027,248225,10496,34,34,"Europe",7.4e+08,10831.6,1694.6,335.4,14.2
"175","Europe",1985-10-30,9731516,1716167,263912,15687,35,35,"Europe",7.4e+08,13150.7,2319.1,356.6,21.2
"176","Europe",1985-11-06,11669910,1938394,288251,24339,36,36,"Europe",7.4e+08,15770.1,2619.5,389.5,32.9
"177","Europe",1985-11-13,13562232,1892322,316770,28519,37,37,"Europe",7.4e+08,18327.3,2557.2,428.1,38.5
"178","Europe",1985-11-20,15314696,1752464,349149,32379,38,38,"Europe",7.4e+08,20695.5,2368.2,471.8,43.8
"179","Europe",1985-11-27,16835232,1520536,383667,34518,39,39,"Europe",7.4e+08,22750.3,2054.8,518.5,46.6
"180","Europe",1985-12-04,18195000,1359768,418149,34482,40,40,"Europe",7.4e+08,24587.8,1837.5,565.1,46.6
"181","Europe",1985-12-11,19590237,1395237,451373,33224,41,41,"Europe",7.4e+08,26473.3,1885.5,610,44.9
"182","Europe",1985-12-18,21074550,1484313,486362,34989,42,42,"Europe",7.4e+08,28479.1,2005.8,657.2,47.3
"183","Europe",1985-12-25,22548749,1474199,517742,31380,43,43,"Europe",7.4e+08,30471.3,1992.2,699.7,42.4
"184","Europe",1986-01-01,24016702,1467953,549256,31514,44,44,"Europe",7.4e+08,32455,1983.7,742.2,42.6
"185","Europe",1986-01-08,25688883,1672181,583184,33928,45,45,"Europe",7.4e+08,34714.7,2259.7,788.1,45.8
"186","Europe",1986-01-15,27315410,1626527,620011,36827,46,46,"Europe",7.4e+08,36912.7,2198,837.9,49.8
"187","Europe",1986-01-22,28771784,1456374,659110,39099,47,47,"Europe",7.4e+08,38880.8,1968.1,890.7,52.8
"188","Europe",1986-01-29,30085277,1313493,696521,37411,48,48,"Europe",7.4e+08,40655.8,1775,941.2,50.6
"189","Europe",1986-02-05,31229538,1144261,732094,35573,49,49,"Europe",7.4e+08,42202.1,1546.3,989.3,48.1
"190","Europe",1986-02-12,32183882,954344,762637,30543,50,50,"Europe",7.4e+08,43491.7,1289.7,1030.6,41.3
"191","Europe",1986-02-19,33081632,897750,788217,25580,51,51,"Europe",7.4e+08,44704.9,1213.2,1065.2,34.6
"192","Europe",1986-02-26,34068209,986577,810410,22193,52,52,"Europe",7.4e+08,46038.1,1333.2,1095.1,30
"193","Europe",1986-03-05,35028108,999440,832431,22021,53,53,"Europe",7.4e+08,47335.3,1350.6,1124.9,29.8
"194","Europe",1986-03-12,36136870,1108762,853314,20883,54,54,"Europe",7.4e+08,48833.6,1498.3,1153.1,28.2
"195","Europe",1986-03-19,37430979,1294109,874930,21616,55,55,"Europe",7.4e+08,50582.4,1748.8,1182.3,29.2
"196","Europe",1986-03-26,38866698,1435719,899303,24373,56,56,"Europe",7.4e+08,52522.6,1940.2,1215.3,32.9
"197","Europe",1986-04-02,40316339,1449641,922735,23432,57,57,"Europe",7.4e+08,54481.5,1959,1246.9,31.7
"198","Europe",1986-04-09,41527763,1211424,947473,24738,58,58,"Europe",7.4e+08,56118.6,1637.1,1280.4,33.4
"199","Europe",1986-04-16,42823202,1295439,972627,25154,59,59,"Europe",7.4e+08,57869.2,1750.6,1314.4,34
"200","Europe",1986-04-23,43930132,1106930,995899,23272,60,60,"Europe",7.4e+08,59365,1495.9,1345.8,31.4
"201","Europe",1986-04-30,44863478,933346,1016750,20851,61,61,"Europe",7.4e+08,60626.3,1261.3,1374,28.2
"202","Europe",1986-05-07,45614114,750636,1033871,17121,62,62,"Europe",7.4e+08,61640.7,1014.4,1397.1,23.1
"203","North America",1985-01-31,4,4,0,0,0,0,"North America",5.8e+08,0,0,0,0
"204","North America",1985-02-07,7,3,0,0,0,0,"North America",5.8e+08,0,0,0,0
"205","North America",1985-02-14,7,0,0,0,0,0,"North America",5.8e+08,0,0,0,0
"206","North America",1985-02-21,9,2,0,0,0,0,"North America",5.8e+08,0,0,0,0
"207","North America",1985-02-28,15,6,0,0,0,0,"North America",5.8e+08,0,0,0,0
"208","North America",1985-03-06,58,43,0,0,0,0,"North America",5.8e+08,0.1,0.1,0,0
"209","North America",1985-03-13,289,231,2,2,0,0,"North America",5.8e+08,0.5,0.4,0,0
"210","North America",1985-03-20,1537,1248,24,22,0,1,"North America",5.8e+08,2.6,2.2,0,0
"211","North America",1985-03-27,7275,5738,117,93,1,2,"North America",5.8e+08,12.5,9.9,0.2,0.2
"212","North America",1985-04-03,18400,11125,479,362,2,3,"North America",5.8e+08,31.7,19.2,0.8,0.6
"213","North America",1985-04-10,33438,15038,1373,894,3,4,"North America",5.8e+08,57.7,25.9,2.4,1.5
"214","North America",1985-04-17,50784,17346,2825,1452,4,5,"North America",5.8e+08,87.6,29.9,4.9,2.5
"215","North America",1985-04-24,72888,22104,4844,2019,5,6,"North America",5.8e+08,125.7,38.1,8.4,3.5
"216","North America",1985-05-01,96151,23263,7078,2234,6,7,"North America",5.8e+08,165.8,40.1,12.2,3.9
"217","North America",1985-05-08,123604,27453,9595,2517,7,8,"North America",5.8e+08,213.1,47.3,16.5,4.3
"218","North America",1985-05-15,151192,27588,12252,2657,8,9,"North America",5.8e+08,260.7,47.6,21.1,4.6
"219","North America",1985-05-22,183423,32231,15305,3053,9,10,"North America",5.8e+08,316.2,55.6,26.4,5.3
"220","North America",1985-05-29,222367,38944,18555,3250,10,11,"North America",5.8e+08,383.4,67.1,32,5.6
"221","North America",1985-06-05,263584,41217,22978,4423,11,12,"North America",5.8e+08,454.5,71.1,39.6,7.6
"222","North America",1985-06-12,310788,47204,26854,3876,12,13,"North America",5.8e+08,535.8,81.4,46.3,6.7
"223","North America",1985-06-19,362239,51451,31308,4454,13,14,"North America",5.8e+08,624.5,88.7,54,7.7
"224","North America",1985-06-26,423993,61754,37376,6068,14,15,"North America",5.8e+08,731,106.5,64.4,10.5
"225","North America",1985-07-03,490520,66527,42151,4775,15,16,"North America",5.8e+08,845.7,114.7,72.7,8.2
"226","North America",1985-07-10,567046,76526,47302,5151,16,17,"North America",5.8e+08,977.7,131.9,81.6,8.9
"227","North America",1985-07-17,644970,77924,52254,4952,17,18,"North America",5.8e+08,1112,134.4,90.1,8.5
"228","North America",1985-07-24,733509,88539,57487,5233,18,19,"North America",5.8e+08,1264.7,152.7,99.1,9
"229","North America",1985-07-31,819744,86235,62559,5072,19,20,"North America",5.8e+08,1413.4,148.7,107.9,8.7
"230","North America",1985-08-07,900640,80896,68021,5462,20,21,"North America",5.8e+08,1552.8,139.5,117.3,9.4
"231","North America",1985-08-14,977494,76854,73373,5352,21,22,"North America",5.8e+08,1685.3,132.5,126.5,9.2
"232","North America",1985-08-21,1047813,70319,77781,4408,22,23,"North America",5.8e+08,1806.6,121.2,134.1,7.6
"233","North America",1985-08-28,1118135,70322,82125,4344,23,24,"North America",5.8e+08,1927.8,121.2,141.6,7.5
"234","North America",1985-09-04,1187228,69093,86526,4401,24,25,"North America",5.8e+08,2046.9,119.1,149.2,7.6
"235","North America",1985-09-11,1255193,67965,90491,3965,25,26,"North America",5.8e+08,2164.1,117.2,156,6.8
"236","North America",1985-09-18,1321239,66046,93749,3258,26,27,"North America",5.8e+08,2278,113.9,161.6,5.6
"237","North America",1985-09-25,1390880,69641,97433,3684,27,28,"North America",5.8e+08,2398.1,120.1,168,6.4
"238","North America",1985-10-02,1461664,70784,100784,3351,28,29,"North America",5.8e+08,2520.1,122,173.8,5.8
"239","North America",1985-10-09,1562501,100837,106462,5678,29,30,"North America",5.8e+08,2694,173.9,183.6,9.8
"240","North America",1985-10-16,1637774,75273,109317,2855,30,31,"North America",5.8e+08,2823.7,129.8,188.5,4.9
"241","North America",1985-10-23,1720578,82804,112539,3222,31,32,"North America",5.8e+08,2966.5,142.8,194,5.6
"242","North America",1985-10-30,1806425,85847,116213,3674,32,33,"North America",5.8e+08,3114.5,148,200.4,6.3
"243","North America",1985-11-06,1890238,83813,119965,3752,33,34,"North America",5.8e+08,3259,144.5,206.8,6.5
"244","North America",1985-11-13,1990323,100085,124092,4127,34,35,"North America",5.8e+08,3431.6,172.6,214,7.1
"245","North America",1985-11-20,2079590,89267,128267,4175,35,36,"North America",5.8e+08,3585.5,153.9,221.2,7.2
"246","North America",1985-11-27,2214855,135265,133257,4990,36,37,"North America",5.8e+08,3818.7,233.2,229.8,8.6
"247","North America",1985-12-04,2358557,143702,138310,5053,37,38,"North America",5.8e+08,4066.5,247.8,238.5,8.7
"248","North America",1985-12-11,2517000,158443,143756,5446,38,39,"North America",5.8e+08,4339.7,273.2,247.9,9.4
"249","North America",1985-12-18,2676741,159741,149485,5729,39,40,"North America",5.8e+08,4615.1,275.4,257.7,9.9
"250","North America",1985-12-25,2832339,155598,155528,6043,40,41,"North America",5.8e+08,4883.3,268.3,268.2,10.4
"251","North America",1986-01-01,2989697,157358,161698,6170,41,42,"North America",5.8e+08,5154.6,271.3,278.8,10.6
"252","North America",1986-01-08,3173595,183898,169069,7371,42,43,"North America",5.8e+08,5471.7,317.1,291.5,12.7
"253","North America",1986-01-15,3384677,211082,177902,8833,43,44,"North America",5.8e+08,5835.6,363.9,306.7,15.2
"254","North America",1986-01-22,3599826,215149,188448,10546,44,45,"North America",5.8e+08,6206.6,370.9,324.9,18.2
"255","North America",1986-01-29,3787974,188148,199228,10780,45,46,"North America",5.8e+08,6531,324.4,343.5,18.6
"256","North America",1986-02-05,3927850,139876,208604,9376,46,47,"North America",5.8e+08,6772.2,241.2,359.7,16.2
"257","North America",1986-02-12,4052322,124472,218313,9709,47,48,"North America",5.8e+08,6986.8,214.6,376.4,16.7
"258","North America",1986-02-19,4157536,105214,225824,7511,48,49,"North America",5.8e+08,7168.2,181.4,389.4,12.9
"259","North America",1986-02-26,4255580,98044,232266,6442,49,50,"North America",5.8e+08,7337.2,169,400.5,11.1
"260","North America",1986-03-05,4346161,90581,238184,5918,50,51,"North America",5.8e+08,7493.4,156.2,410.7,10.2
"261","North America",1986-03-12,4437079,90918,243146,4962,51,52,"North America",5.8e+08,7650.1,156.8,419.2,8.6
"262","North America",1986-03-19,4520243,83164,247179,4033,52,53,"North America",5.8e+08,7793.5,143.4,426.2,7
"263","North America",1986-03-26,4611178,90935,251476,4297,53,54,"North America",5.8e+08,7950.3,156.8,433.6,7.4
"264","North America",1986-04-02,4699467,88289,255054,3578,54,55,"North America",5.8e+08,8102.5,152.2,439.7,6.2
"265","North America",1986-04-09,4810612,111145,258940,3886,55,56,"North America",5.8e+08,8294.2,191.6,446.4,6.7
"266","North America",1986-04-16,4937304,126692,264510,5570,56,57,"North America",5.8e+08,8512.6,218.4,456.1,9.6
"267","North America",1986-04-23,5059962,122658,268303,3794,57,58,"North America",5.8e+08,8724.1,211.5,462.6,6.5
"268","North America",1986-04-30,5182504,122542,271710,3407,58,59,"North America",5.8e+08,8935.4,211.3,468.5,5.9
"269","North America",1986-05-07,5296874,114370,274602,2892,59,60,"North America",5.8e+08,9132.5,197.2,473.5,5
"270","Oceania",1985-01-31,9,9,0,0,0,0,"Oceania",3.8e+07,0.2,0.2,0,0
"271","Oceania",1985-02-07,15,6,0,0,0,0,"Oceania",3.8e+07,0.4,0.2,0,0
"272","Oceania",1985-02-14,15,0,0,0,0,0,"Oceania",3.8e+07,0.4,0,0,0
"273","Oceania",1985-02-21,15,0,0,0,0,0,"Oceania",3.8e+07,0.4,0,0,0
"274","Oceania",1985-02-28,16,1,0,0,0,0,"Oceania",3.8e+07,0.4,0,0,0
"275","Oceania",1985-03-06,64,48,2,2,0,0,"Oceania",3.8e+07,1.7,1.3,0.1,0.1
"276","Oceania",1985-03-13,205,141,3,1,0,0,"Oceania",3.8e+07,5.4,3.7,0.1,0
"277","Oceania",1985-03-20,832,627,7,4,0,1,"Oceania",3.8e+07,21.9,16.5,0.2,0.1
"278","Oceania",1985-03-27,3517,2685,13,6,0,2,"Oceania",3.8e+07,92.6,70.7,0.3,0.2
"279","Oceania",1985-04-03,6206,2689,29,16,1,3,"Oceania",3.8e+07,163.3,70.8,0.8,0.4
"280","Oceania",1985-04-10,7516,1310,56,27,2,4,"Oceania",3.8e+07,197.8,34.5,1.5,0.7
"281","Oceania",1985-04-17,7955,439,77,21,3,5,"Oceania",3.8e+07,209.3,11.6,2,0.6
"282","Oceania",1985-04-24,8164,209,97,20,4,6,"Oceania",3.8e+07,214.8,5.5,2.6,0.5
"283","Oceania",1985-05-01,8289,125,113,16,5,7,"Oceania",3.8e+07,218.1,3.3,3,0.4
"284","Oceania",1985-05-08,8436,147,118,5,6,8,"Oceania",3.8e+07,222,3.9,3.1,0.1
"285","Oceania",1985-05-15,8559,123,119,1,7,9,"Oceania",3.8e+07,225.2,3.2,3.1,0
"286","Oceania",1985-05-22,8629,70,122,3,8,10,"Oceania",3.8e+07,227.1,1.8,3.2,0.1
"287","Oceania",1985-05-29,8714,85,125,3,9,11,"Oceania",3.8e+07,229.3,2.2,3.3,0.1
"288","Oceania",1985-06-05,8782,68,124,0,10,12,"Oceania",3.8e+07,231.1,1.8,3.3,0
"289","Oceania",1985-06-12,8824,42,124,0,11,13,"Oceania",3.8e+07,232.2,1.1,3.3,0
"290","Oceania",1985-06-19,8946,122,124,0,12,14,"Oceania",3.8e+07,235.4,3.2,3.3,0
"291","Oceania",1985-06-26,9152,206,126,2,13,15,"Oceania",3.8e+07,240.8,5.4,3.3,0.1
"292","Oceania",1985-07-03,9819,667,126,0,14,16,"Oceania",3.8e+07,258.4,17.6,3.3,0
"293","Oceania",1985-07-10,11133,1314,129,3,15,17,"Oceania",3.8e+07,293,34.6,3.4,0.1
"294","Oceania",1985-07-17,13032,1899,140,11,16,18,"Oceania",3.8e+07,342.9,50,3.7,0.3
"295","Oceania",1985-07-24,15565,2533,167,27,17,19,"Oceania",3.8e+07,409.6,66.7,4.4,0.7
"296","Oceania",1985-07-31,18941,3376,226,59,18,20,"Oceania",3.8e+07,498.4,88.8,5.9,1.6
"297","Oceania",1985-08-07,22482,3541,304,78,19,21,"Oceania",3.8e+07,591.6,93.2,8,2.1
"298","Oceania",1985-08-14,24943,2461,405,101,20,22,"Oceania",3.8e+07,656.4,64.8,10.7,2.7
"299","Oceania",1985-08-21,26662,1719,512,107,21,23,"Oceania",3.8e+07,701.6,45.2,13.5,2.8
"300","Oceania",1985-08-28,27755,1093,629,117,22,24,"Oceania",3.8e+07,730.4,28.8,16.6,3.1
"301","Oceania",1985-09-04,28482,727,779,150,23,25,"Oceania",3.8e+07,749.5,19.1,20.5,3.9
"302","Oceania",1985-09-11,28942,460,834,55,24,26,"Oceania",3.8e+07,761.6,12.1,21.9,1.4
"303","Oceania",1985-09-18,29244,302,877,43,25,27,"Oceania",3.8e+07,769.6,7.9,23.1,1.1
"304","Oceania",1985-09-25,29411,167,904,27,26,28,"Oceania",3.8e+07,774,4.4,23.8,0.7
"305","Oceania",1985-10-02,29541,130,927,23,27,29,"Oceania",3.8e+07,777.4,3.4,24.4,0.6
"306","Oceania",1985-10-09,29695,154,931,4,28,30,"Oceania",3.8e+07,781.4,4.1,24.5,0.1
"307","Oceania",1985-10-16,29874,179,938,7,29,31,"Oceania",3.8e+07,786.2,4.7,24.7,0.2
"308","Oceania",1985-10-23,30049,175,939,1,30,32,"Oceania",3.8e+07,790.8,4.6,24.7,0
"309","Oceania",1985-10-30,30175,126,941,2,31,33,"Oceania",3.8e+07,794.1,3.3,24.8,0.1
"310","Oceania",1985-11-06,30273,99,941,0,32,34,"Oceania",3.8e+07,796.7,2.6,24.8,0
"311","Oceania",1985-11-13,30333,60,941,0,33,35,"Oceania",3.8e+07,798.2,1.6,24.8,0
"312","Oceania",1985-11-20,30486,153,941,0,34,36,"Oceania",3.8e+07,802.3,4,24.8,0
"313","Oceania",1985-11-27,30643,157,941,0,35,37,"Oceania",3.8e+07,806.4,4.1,24.8,0
"314","Oceania",1985-12-04,30773,130,942,1,36,38,"Oceania",3.8e+07,809.8,3.4,24.8,0
"315","Oceania",1985-12-11,30905,132,943,1,37,39,"Oceania",3.8e+07,813.3,3.5,24.8,0
"316","Oceania",1985-12-18,31066,161,943,0,38,40,"Oceania",3.8e+07,817.5,4.2,24.8,0
"317","Oceania",1985-12-25,31275,209,944,1,39,41,"Oceania",3.8e+07,823,5.5,24.8,0
"318","Oceania",1986-01-01,31475,200,945,1,40,42,"Oceania",3.8e+07,828.3,5.3,24.9,0
"319","Oceania",1986-01-08,31658,183,945,0,41,43,"Oceania",3.8e+07,833.1,4.8,24.9,0
"320","Oceania",1986-01-15,31846,188,945,0,42,44,"Oceania",3.8e+07,838.1,4.9,24.9,0
"321","Oceania",1986-01-22,31950,104,945,0,43,45,"Oceania",3.8e+07,840.8,2.7,24.9,0
"322","Oceania",1986-01-29,32039,89,945,0,44,46,"Oceania",3.8e+07,843.1,2.3,24.9,0
"323","Oceania",1986-02-05,32134,95,945,0,45,47,"Oceania",3.8e+07,845.6,2.5,24.9,0
"324","Oceania",1986-02-12,32215,81,945,0,46,48,"Oceania",3.8e+07,847.8,2.1,24.9,0
"325","Oceania",1986-02-19,32307,92,947,2,47,49,"Oceania",3.8e+07,850.2,2.4,24.9,0.1
"326","Oceania",1986-02-26,32650,343,949,2,48,50,"Oceania",3.8e+07,859.2,9,25,0.1
"327","Oceania",1986-03-05,33008,358,953,4,49,51,"Oceania",3.8e+07,868.6,9.4,25.1,0.1
"328","Oceania",1986-03-12,33447,439,958,5,50,52,"Oceania",3.8e+07,880.2,11.6,25.2,0.1
"329","Oceania",1986-03-19,34389,942,973,15,51,53,"Oceania",3.8e+07,905,24.8,25.6,0.4
"330","Oceania",1986-03-26,36488,2099,976,3,52,54,"Oceania",3.8e+07,960.2,55.2,25.7,0.1
"331","Oceania",1986-04-02,38413,1925,997,21,53,55,"Oceania",3.8e+07,1010.9,50.7,26.2,0.6
"332","Oceania",1986-04-09,39903,1490,1005,8,54,56,"Oceania",3.8e+07,1050.1,39.2,26.4,0.2
"333","Oceania",1986-04-16,41531,1628,1020,15,55,57,"Oceania",3.8e+07,1092.9,42.8,26.8,0.4
"334","Oceania",1986-04-23,42708,1177,1038,18,56,58,"Oceania",3.8e+07,1123.9,31,27.3,0.5
"335","Oceania",1986-04-30,43569,861,1046,8,57,59,"Oceania",3.8e+07,1146.6,22.7,27.5,0.2
"336","Oceania",1986-05-07,44330,761,1061,15,58,60,"Oceania",3.8e+07,1166.6,20,27.9,0.4
"337","South America",1985-02-28,3,3,0,0,0,0,"South America",4.2e+08,0,0,0,0
"338","South America",1985-03-06,43,40,0,0,0,0,"South America",4.2e+08,0.1,0.1,0,0
"339","South America",1985-03-13,309,266,3,3,0,0,"South America",4.2e+08,0.7,0.6,0,0
"340","South America",1985-03-20,2332,2023,23,20,0,1,"South America",4.2e+08,5.6,4.8,0.1,0
"341","South America",1985-03-27,8947,6617,168,145,1,2,"South America",4.2e+08,21.3,15.8,0.4,0.3
"342","South America",1985-04-03,21190,12243,679,511,2,3,"South America",4.2e+08,50.5,29.1,1.6,1.2
"343","South America",1985-04-10,44948,23758,1798,1119,3,4,"South America",4.2e+08,107,56.6,4.3,2.7
"344","South America",1985-04-17,72869,27921,3318,1520,4,5,"South America",4.2e+08,173.5,66.5,7.9,3.6
"345","South America",1985-04-24,122066,49197,5572,2254,5,6,"South America",4.2e+08,290.6,117.1,13.3,5.4
"346","South America",1985-05-01,191859,69793,9485,3913,6,7,"South America",4.2e+08,456.8,166.2,22.6,9.3
"347","South America",1985-05-08,285986,94127,14605,5120,7,8,"South America",4.2e+08,680.9,224.1,34.8,12.2
"348","South America",1985-05-15,408132,122146,21459,6854,8,9,"South America",4.2e+08,971.7,290.8,51.1,16.3
"349","South America",1985-05-22,586893,178761,29375,7916,9,10,"South America",4.2e+08,1397.4,425.6,69.9,18.8
"350","South America",1985-05-29,811657,224764,38118,8743,10,11,"South America",4.2e+08,1932.5,535.2,90.8,20.8
"351","South America",1985-06-05,1095816,284159,47441,9323,11,12,"South America",4.2e+08,2609.1,676.6,113,22.2
"352","South America",1985-06-12,1380705,284889,57575,10134,12,13,"South America",4.2e+08,3287.4,678.3,137.1,24.1
"353","South America",1985-06-19,1693540,312835,68689,11114,13,14,"South America",4.2e+08,4032.2,744.8,163.5,26.5
"354","South America",1985-06-26,2041775,348235,79405,10716,14,15,"South America",4.2e+08,4861.4,829.1,189.1,25.5
"355","South America",1985-07-03,2413190,371415,90818,11413,15,16,"South America",4.2e+08,5745.7,884.3,216.2,27.2
"356","South America",1985-07-10,2788706,375516,102185,11367,16,17,"South America",4.2e+08,6639.8,894.1,243.3,27.1
"357","South America",1985-07-17,3165239,376533,114967,12782,17,18,"South America",4.2e+08,7536.3,896.5,273.7,30.4
"358","South America",1985-07-24,3614507,449268,130967,16000,18,19,"South America",4.2e+08,8606,1069.7,311.8,38.1
"359","South America",1985-07-31,4101837,487330,143574,12607,19,20,"South America",4.2e+08,9766.3,1160.3,341.8,30
"360","South America",1985-08-07,4612623,510786,156626,13052,20,21,"South America",4.2e+08,10982.4,1216.2,372.9,31.1
"361","South America",1985-08-14,5144145,531522,173182,16556,21,22,"South America",4.2e+08,12248,1265.5,412.3,39.4
"362","South America",1985-08-21,5614867,470722,185654,12472,22,23,"South America",4.2e+08,13368.7,1120.8,442,29.7
"363","South America",1985-08-28,6108159,493292,198090,12436,23,24,"South America",4.2e+08,14543.2,1174.5,471.6,29.6
"364","South America",1985-09-04,6608048,499889,209903,11813,24,25,"South America",4.2e+08,15733.4,1190.2,499.8,28.1
"365","South America",1985-09-11,6993703,388098,225496,15593,25,26,"South America",4.2e+08,16651.7,924,536.9,37.1
"366","South America",1985-09-18,7412401,418698,235398,9902,26,27,"South America",4.2e+08,17648.6,996.9,560.5,23.6
"367","South America",1985-09-25,7811306,398905,246022,10624,27,28,"South America",4.2e+08,18598.3,949.8,585.8,25.3
"368","South America",1985-10-02,8158421,347115,258389,12367,28,29,"South America",4.2e+08,19424.8,826.5,615.2,29.4
"369","South America",1985-10-09,8562711,404290,269098,10709,29,30,"South America",4.2e+08,20387.4,962.6,640.7,25.5
"370","South America",1985-10-16,8900889,338178,277612,8514,30,31,"South America",4.2e+08,21192.6,805.2,661,20.3
"371","South America",1985-10-23,9258481,357592,285896,8284,31,32,"South America",4.2e+08,22044,851.4,680.7,19.7
"372","South America",1985-10-30,9618542,360061,293744,7848,32,33,"South America",4.2e+08,22901.3,857.3,699.4,18.7
"373","South America",1985-11-06,9909531,290989,300877,7133,33,34,"South America",4.2e+08,23594.1,692.8,716.4,17
"374","South America",1985-11-13,10250445,340914,307784,6907,34,35,"South America",4.2e+08,24405.8,811.7,732.8,16.4
"375","South America",1985-11-20,10610692,360247,315617,7833,35,36,"South America",4.2e+08,25263.6,857.7,751.5,18.6
"376","South America",1985-11-27,10971639,360947,322716,7099,36,37,"South America",4.2e+08,26123,859.4,768.4,16.9
"377","South America",1985-12-04,11415253,443614,330334,7618,37,38,"South America",4.2e+08,27179.2,1056.2,786.5,18.1
"378","South America",1985-12-11,11847866,432613,338096,7762,38,39,"South America",4.2e+08,28209.2,1030,805,18.5
"379","South America",1985-12-18,12332344,484478,346639,8543,39,40,"South America",4.2e+08,29362.7,1153.5,825.3,20.3
"380","South America",1985-12-25,12803560,471216,354930,8291,40,41,"South America",4.2e+08,30484.7,1121.9,845.1,19.7
"381","South America",1986-01-01,13241727,438167,363563,8633,41,42,"South America",4.2e+08,31527.9,1043.3,865.6,20.6
"382","South America",1986-01-08,13789814,548087,373646,10083,42,43,"South America",4.2e+08,32832.9,1305,889.6,24
"383","South America",1986-01-15,14459181,669367,385382,11736,43,44,"South America",4.2e+08,34426.6,1593.7,917.6,27.9
"384","South America",1986-01-22,15103979,644798,398300,12918,44,45,"South America",4.2e+08,35961.9,1535.2,948.3,30.8
"385","South America",1986-01-29,15724104,620125,412171,13871,45,46,"South America",4.2e+08,37438.3,1476.5,981.4,33
"386","South America",1986-02-05,16277157,553053,425481,13310,46,47,"South America",4.2e+08,38755.1,1316.8,1013,31.7
"387","South America",1986-02-12,16785159,508002,438481,13000,47,48,"South America",4.2e+08,39964.7,1209.5,1044,31
"388","South America",1986-02-19,17274971,489812,450752,12271,48,49,"South America",4.2e+08,41130.9,1166.2,1073.2,29.2
"389","South America",1986-02-26,17832798,557827,463512,12760,49,50,"South America",4.2e+08,42459,1328.2,1103.6,30.4
"390","South America",1986-03-05,18407118,574320,477535,14023,50,51,"South America",4.2e+08,43826.5,1367.4,1137,33.4
"391","South America",1986-03-12,19084874,677756,493620,16085,51,52,"South America",4.2e+08,45440.2,1613.7,1175.3,38.3
"392","South America",1986-03-19,19810464,725590,513283,19663,52,53,"South America",4.2e+08,47167.8,1727.6,1222.1,46.8
"393","South America",1986-03-26,20598716,788252,534164,20881,53,54,"South America",4.2e+08,49044.6,1876.8,1271.8,49.7
"394","South America",1986-04-02,21408858,810142,560349,26185,54,55,"South America",4.2e+08,50973.5,1928.9,1334.2,62.3
"395","South America",1986-04-09,22250300,841442,587560,27211,55,56,"South America",4.2e+08,52976.9,2003.4,1399,64.8
"396","South America",1986-04-16,23150047,899747,615844,28284,56,57,"South America",4.2e+08,55119.2,2142.3,1466.3,67.3
"397","South America",1986-04-23,24025461,875414,643957,28113,57,58,"South America",4.2e+08,57203.5,2084.3,1533.2,66.9
"398","South America",1986-04-30,24878216,852755,672415,28458,58,59,"South America",4.2e+08,59233.8,2030.4,1601,67.8
"399","South America",1986-05-07,25681088,802872,697842,25427,59,60,"South America",4.2e+08,61145.4,1911.6,1661.5,60.5
